<?xml version="1.0" encoding="UTF-8"?>
<project-private xmlns="http://www.netbeans.org/ns/project-private/1">
    <editor-bookmarks xmlns="http://www.netbeans.org/ns/editor-bookmarks/2" lastBookmarkId="0"/>
    <open-files xmlns="http://www.netbeans.org/ns/projectui-open-files/2">
        <group>
            <file>file:/C:/xampp/htdocs/online-quiz/select_exam.php</file>
            <file>file:/C:/xampp/htdocs/online-quiz/login.php</file>
            <file>file:/C:/xampp/htdocs/online-quiz/index.php</file>
            <file>file:/C:/xampp/htdocs/online-quiz/result.php</file>
            <file>file:/C:/xampp/htdocs/online-quiz/old_exam_results.php</file>
            <file>file:/C:/xampp/htdocs/online-quiz/footer.php</file>
            <file>file:/C:/xampp/htdocs/online-quiz/register.php</file>
            <file>file:/C:/xampp/htdocs/online-quiz/forajax/load_questions.php</file>
            <file>file:/C:/xampp/htdocs/online-quiz/dashboard.php</file>
            <file>file:/C:/xampp/htdocs/online-quiz/header.php</file>
            <file>file:/C:/xampp/htdocs/online-quiz/forajax/load_total_que.php</file>
        </group>
    </open-files>
</project-private>
